{
  "lang":"en",
  "name":"pipeline",
  "version":"0.0.0",
  "spacy_version":">=3.8.4,<3.9.0",
  "description":"",
  "author":"",
  "email":"",
  "url":"",
  "license":"",
  "spacy_git_version":"85cc763",
  "vectors":{
    "width":0,
    "vectors":0,
    "keys":0,
    "name":null,
    "mode":"default"
  },
  "labels":{
    "tok2vec":[

    ],
    "ner":[
      "CITY",
      "COMPANY",
      "COUNTRY",
      "DESIGNATION",
      "EDUCATION",
      "EXPERIENCE",
      "GPE",
      "LOCATION",
      "SKILL",
      "SKILL_EXPERIENCE",
      "STATE",
      "UNVIERSITY"
    ]
  },
  "pipeline":[
    "tok2vec",
    "ner"
  ],
  "components":[
    "tok2vec",
    "ner"
  ],
  "disabled":[

  ],
  "performance":{
    "ents_f":0.9942947783,
    "ents_p":0.9932021467,
    "ents_r":0.9953898166,
    "ents_per_type":{
      "SKILL":{
        "p":0.9958932238,
        "r":0.9991171277,
        "f":0.9975025709
      },
      "SKILL_EXPERIENCE":{
        "p":1.0,
        "r":1.0,
        "f":1.0
      },
      "COMPANY":{
        "p":0.9985059761,
        "r":0.9960258321,
        "f":0.9972643621
      },
      "DESIGNATION":{
        "p":0.9992900248,
        "r":0.9954031117,
        "f":0.9973427812
      },
      "CITY":{
        "p":1.0,
        "r":1.0,
        "f":1.0
      },
      "GPE":{
        "p":0.9389355742,
        "r":0.9721577726,
        "f":0.9552579082
      },
      "STATE":{
        "p":1.0,
        "r":0.9963369963,
        "f":0.9981651376
      },
      "EDUCATION":{
        "p":0.9981867634,
        "r":0.9981867634,
        "f":0.9981867634
      },
      "UNVIERSITY":{
        "p":1.0,
        "r":1.0,
        "f":1.0
      },
      "LOCATION":{
        "p":0.9990610329,
        "r":0.9981238274,
        "f":0.9985922102
      },
      "COUNTRY":{
        "p":1.0,
        "r":1.0,
        "f":1.0
      },
      "EXPERIENCE":{
        "p":1.0,
        "r":1.0,
        "f":1.0
      }
    },
    "tok2vec_loss":1899.7988080052,
    "ner_loss":264.4034973104
  }
}